Mx,My,Mz,Dx,Dy,Dz,Entrenamiento
-0.0304,-0.09071,10.3416,0.01983,0.01778,0.02603,Quieto
-0.03481,-0.07992,10.33964,0.0233,0.01528,0.02242,Quieto
-0.03285,-0.09071,10.34308,0.01789,0.01958,0.01784,Quieto
-0.0304,-0.08826,10.33376,0.02517,0.01986,0.02007,Quieto
-0.03285,-0.0863,10.33964,0.01464,0.01951,0.03387,Quieto
-0.04119,-0.09071,10.33719,0.01629,0.01695,0.01909,Quieto
-0.03825,-0.08924,10.34749,0.01983,0.01909,0.02177,Quieto
-0.03383,-0.0863,10.33425,0.02068,0.0185,0.02434,Quieto
-0.03187,-0.08434,10.33523,0.01577,0.01897,0.01724,Quieto
-0.03236,-0.08875,10.3367,0.02364,0.02114,0.02225,Quieto
-0.03727,-0.09365,10.33719,0.01798,0.02045,0.02806,Quieto
-0.03187,-0.09463,10.34651,0.01383,0.01362,0.02181,Quieto
-0.02648,-0.09218,10.32787,0.01644,0.02112,0.01842,Quieto
-0.03236,-0.09267,10.3318,0.02173,0.02091,0.02471,Quieto
-0.0353,-0.09512,10.33964,0.01563,0.02195,0.0293,Quieto
-0.03089,-0.09071,10.3367,0.01649,0.02007,0.02392,Quieto
-0.02746,-0.0863,10.33768,0.01824,0.01474,0.01992,Quieto
-0.03628,-0.08777,10.34356,0.01614,0.02289,0.01983,Quieto
-0.02844,-0.08041,10.33523,0.01724,0.02071,0.02611,Quieto
-0.04315,-0.08826,10.34602,0.02266,0.02126,0.02774,Quieto
-0.03923,-0.09071,10.33817,0.01754,0.01805,0.02249,Quieto
-0.03727,-0.09169,10.33915,0.01441,0.01789,0.02687,Quieto
-0.03089,-0.0863,10.34406,0.01559,0.01976,0.01876,Quieto
-0.03236,-0.08973,10.33915,0.01424,0.01943,0.0281,Quieto
-0.03579,-0.08826,10.33621,0.02087,0.02557,0.02034,Quieto
-0.0304,-0.09316,10.33523,0.02169,0.02268,0.02648,Quieto
-0.02648,-0.09218,10.34258,0.02106,0.0133,0.02847,Quieto
3.0734,8.952,0.86985,2.34881,4.50007,2.93996,Andar
3.37349,8.01497,1.10766,2.05945,4.52478,3.3291,Andar
4.24285,9.70662,-0.02746,3.03727,4.45971,2.64078,Andar
3.73388,8.7951,0.73158,2.71817,5.41851,2.44417,Andar
4.42623,9.40605,0.79875,2.97658,5.05368,2.70748,Andar
4.38259,6.99754,0.46238,2.13394,4.99079,2.83662,Andar
4.22618,7.43246,0.47072,2.44716,4.31013,2.68922,Andar
4.28207,8.6323,0.39129,2.75678,4.89901,1.62308,Andar
4.41397,8.73233,0.51289,2.89868,4.74877,1.86422,Andar
4.3718,9.20845,0.30989,2.55041,4.92374,2.54052,Andar
4.54342,8.29839,0.43247,2.80571,5.72736,2.57205,Andar
5.26127,8.93043,0.25399,3.23612,6.21555,2.91011,Andar
4.57971,8.33124,1.10472,2.61019,3.46408,2.93206,Andar
4.92833,9.78311,0.00392,1.3108,4.18947,1.57056,Andar
3.9967,9.2261,0.3295,2.68941,6.0318,3.24734,Andar
4.50321,7.95123,0.19368,2.40955,4.62328,2.92443,Andar
4.53263,8.8,0.58301,2.59092,5.26455,3.15609,Andar
5.58636,9.50706,0.75511,2.91285,4.41968,2.73975,Andar
3.97267,8.83236,-0.2839,2.5614,4.97397,3.07118,Andar
3.99082,7.79678,0.5173,2.52056,4.05744,2.65612,Andar
5.18478,9.12018,0.61733,2.55715,4.33967,2.43422,Andar
4.97786,8.52247,0.41237,2.08771,4.41263,2.18183,Andar
4.4581,9.57325,0.55457,2.29868,4.56484,3.11094,Andar
4.78466,8.48079,0.08924,2.59107,4.56272,1.69815,Andar
5.14506,8.95151,0.77816,2.24148,5.22458,3.17165,Andar
4.60177,9.66102,-0.97625,2.7925,4.14278,2.9983,Andar
4.16439,8.46461,1.44795,2.7434,4.72094,3.12642,Andar
4.09084,7.87474,0.58006,2.28195,4.49558,2.2662,Andar
4.44094,8.77401,0.34519,2.91652,4.77224,2.80164,Andar
5.39268,9.01133,0.58448,2.8015,2.94484,2.39123,Andar
3.78684,9.09714,1.01058,2.32574,4.69944,3.85482,Andar
5.01414,9.05301,0.94242,1.92547,4.97474,2.80259,Andar
4.34925,7.61781,-0.076,2.59937,3.66876,2.05459,Andar
4.54342,9.06085,1.08265,2.61658,4.83923,3.23588,Andar
4.56156,8.14099,1.24741,2.29735,4.93323,2.85189,Andar
4.36445,8.48324,0.71687,2.23602,4.99734,2.78426,Andar
4.4277,8.47344,0.09709,2.75452,4.82159,2.37393,Andar
4.44388,7.92083,0.77571,2.42874,4.12256,3.21419,Andar
3.83391,9.00201,0.76835,3.09429,4.59756,3.00475,Andar
3.99474,7.71146,0.35206,2.38456,3.94251,2.77312,Andar
4.43457,8.95886,0.70412,3.06326,4.76429,2.91681,Andar
4.98766,8.57494,0.87328,2.73552,5.40679,2.14163,Andar
4.90185,9.96552,0.07355,2.51922,3.40046,3.30967,Andar
4.89646,9.3222,1.56171,2.4194,4.90782,3.05141,Andar
3.322,6.87691,1.13855,2.03227,4.09128,2.857,Andar
5.33776,10.42986,0.12454,2.65292,4.15757,3.40559,Andar
4.20607,7.93946,1.25476,2.24845,5.42958,2.63937,Andar
4.48213,10.53774,0.5884,2.35821,4.61124,2.3785,Andar
4.52871,7.65801,0.90957,2.133,4.05557,2.46139,Andar
5.0872,9.08047,0.81297,2.06099,4.52906,2.86083,Andar
4.40613,8.11353,0.97429,2.52407,3.61452,3.29708,Andar
4.99502,8.32535,-0.1878,2.11421,4.05736,1.7921,Andar
4.18057,9.76939,1.9275,2.46871,5.44762,3.37418,Andar
4.93324,6.44885,1.50973,1.9513,1.8821,2.10492,Andar
4.63119,9.44871,1.35087,1.9605,3.75757,3.33588,Andar
4.56107,7.24417,1.55583,2.02975,5.42817,2.61256,Andar
4.5194,9.20894,1.39892,2.33842,4.66576,2.85555,Andar
4.57578,8.41509,0.19564,2.45167,4.02295,2.48557,Andar
4.6204,9.05154,0.74972,2.63614,4.56906,3.07506,Andar
0.52073,9.04664,0.76835,6.19098,8.71032,4.04027,Correr
1.83041,8.91424,-1.42393,8.62615,8.91607,3.52088,Correr
-2.01772,7.7502,-0.57173,8.83744,8.81387,2.92949,Correr
1.28663,7.50405,-1.24692,8.26728,9.08638,2.58436,Correr
-1.16944,9.10499,-1.02332,8.40207,9.33674,2.33678,Correr
-1.1871,7.00293,-0.42561,8.06507,9.8397,4.53503,Correr
0.21967,8.91572,-1.87307,9.1456,8.9351,3.99544,Correr
-2.44627,9.05693,-0.48788,8.83062,8.41509,4.13217,Correr
0.94095,9.03192,-0.9939,8.64782,9.06012,3.24001,Correr
-0.38442,8.69654,-1.81129,8.71194,7.70863,4.82248,Correr
1.95643,8.24985,-2.63309,9.55164,8.86486,3.50455,Correr
1.23858,8.09049,-2.87531,10.31137,8.95212,4.24387,Correr
2.18492,9.22757,-1.77206,9.53457,11.13324,4.25006,Correr
2.11137,8.35772,-2.60661,6.50288,9.15353,4.46095,Correr
0.97625,8.92454,-2.62132,8.19842,8.16836,5.31125,Correr
1.8971,8.35527,-2.39086,8.93218,11.12906,4.77393,Correr
1.90837,8.0998,-3.36417,9.33318,10.59591,5.46044,Correr
1.46855,8.84217,-3.3274,9.90448,8.23972,5.51434,Correr
2.54041,8.24788,-3.87019,9.38433,9.86665,5.8956,Correr
0.87868,8.8103,-4.22569,9.22705,8.58467,5.75037,Correr
0.93065,9.02163,-5.04944,9.15484,10.03277,6.01046,Correr
1.97849,10.2759,-3.65494,9.19666,7.88738,5.75255,Correr
2.23494,8.36017,-2.85717,8.75567,10.06208,5.85144,Correr
2.39576,8.36164,-3.34652,8.96814,9.74281,5.64391,Correr
0.80316,8.95641,-3.02829,8.26427,8.24835,5.24046,Correr
1.88729,9.5203,-3.29602,8.87574,9.57097,5.50485,Correr
1.77108,8.39008,-4.34729,8.89165,10.33458,6.39507,Correr
3.18765,8.12971,-4.19529,9.44455,11.20894,5.38607,Correr
0.86838,7.00489,-3.50833,8.79583,9.65321,5.60726,Correr
1.52346,8.75292,-4.41937,9.73214,9.70938,6.633,Correr
1.95986,8.50188,-2.76548,9.37592,9.9612,5.61189,Correr
1.74902,8.85246,-2.72968,9.53795,8.60056,6.23592,Correr
1.11158,8.90248,-3.37888,8.99574,8.52426,5.87701,Correr
2.82334,10.32003,-3.2053,9.45316,8.41538,6.09842,Correr
2.67869,7.46286,-4.4581,9.42441,11.1534,6.96819,Correr
0.73109,7.54475,-4.27423,10.86815,9.81798,6.96336,Correr
2.56934,10.65394,-4.9553,10.089,8.55785,5.17768,Correr
1.26015,7.96153,-4.86753,8.7025,11.16921,6.18745,Correr
-0.37756,7.50797,-3.01947,10.5825,9.53906,4.6646,Correr
1.94809,11.18841,-3.08321,8.68377,7.82144,5.50774,Correr
-0.15789,10.35975,1.29595,3.07281,2.82938,1.17793,Andar
0.30597,9.73997,0.28047,1.69379,2.87793,0.74863,Andar
-0.81787,9.99494,0.66489,1.9,2.83818,0.85372,Andar
-0.37609,11.26343,1.06059,1.71834,3.51519,0.90004,Andar
0.22359,9.39183,0.64773,1.24707,2.92607,0.93396,Andar
0.15298,11.0212,0.75413,1.5615,2.7522,0.87124,Andar
-0.93212,9.83558,0.9179,1.52237,2.79573,0.85694,Andar
-0.16475,9.76546,0.39227,1.84586,2.97362,0.87767,Andar
0.01765,10.40044,0.50455,1.28932,2.70272,0.67168,Andar
-0.78747,9.45214,0.60066,1.73082,2.7586,0.93117,Andar
0.64822,10.29845,0.62125,2.02553,2.72834,1.02472,Andar
0.49131,9.99003,0.56241,1.51445,2.50987,1.01849,Andar
-0.39227,10.32689,1.03166,1.77667,2.85022,0.97041,Andar
-0.19858,9.51736,0.55064,1.69574,2.67663,0.98172,Andar
-0.19221,11.63167,0.76541,2.13304,2.44841,1.07072,Andar
-0.43836,10.19156,0.4918,1.58502,2.63093,1.0441,Andar
-1.12237,9.85078,0.60703,2.37121,2.80291,2.20143,Andar
-0.52613,10.64463,-0.13288,2.42079,3.16045,1.55214,Andar
-1.22191,11.03101,0.41874,2.04279,3.59718,2.37686,Andar
-1.44403,8.91376,-0.03236,1.9981,2.89905,1.70674,Andar
-0.19466,10.2911,0.6036,1.91339,2.68898,2.01873,Andar
0.02991,10.75741,1.17778,2.44353,3.71392,2.45021,Andar
-0.68647,9.32122,0.88995,1.86892,2.44263,1.59518,Andar
-0.36187,9.98562,0.23928,1.80535,3.22847,1.77384,Andar
-0.14857,10.0273,0.79483,2.15172,2.21685,2.92695,Andar
-0.11131,10.4485,0.30204,2.35341,3.04873,2.03706,Andar
0.31038,10.093,0.2128,2.68303,3.2881,2.14776,Andar
0.14269,10.8996,0.57222,2.02027,2.94368,2.074,Andar
-0.19221,9.88461,0.38736,2.15847,2.40704,2.36578,Andar
0.37167,10.32689,0.32117,1.86867,2.33709,1.44367,Andar
-0.22163,10.47595,0.43198,2.20291,2.03124,1.54006,Andar
-0.8164,9.6571,0.14073,2.49683,3.086,2.10317,Andar
0.15053,9.76791,0.27262,2.83158,3.15167,2.23766,Andar
0.04511,10.14547,0.54035,2.99736,3.50073,2.36408,Andar
0.41825,10.70739,0.88015,2.41739,2.75829,2.16277,Andar
-0.57663,9.72378,-0.0505,2.2434,2.88606,2.35228,Andar
0.2432,10.16852,0.26282,1.92295,3.45603,1.94116,Andar
0.50406,10.30728,0.5732,2.06052,2.73186,2.23727,Andar
-0.27802,9.29719,0.96988,2.27485,3.02707,1.5456,Andar
0.1368,10.45144,0.73011,2.01367,3.51607,2.25286,Andar
-0.2638,9.39575,0.46091,2.60875,2.61099,2.0185,Andar
-0.3702,9.65318,-0.20153,1.61696,2.71023,1.66421,Andar
-0.31185,10.69072,0.61292,2.06459,3.24199,1.70841,Andar
-0.05247,10.80301,0.48347,1.82729,1.96928,1.83422,Andar
-2.6983,-9.46565,0.5115,1.74017,3.80608,2.34337,Andar
-3.41665,-7.80485,0.1551,2.04228,4.58775,2.28214,Andar
-4.22695,-9.63805,-0.3008,2.30542,4.80539,2.73352,Andar
-4.27855,-9.3928,-0.7029,2.14961,4.90244,1.8499,Andar
-4.12535,-9.1055,-1.6147,2.13884,5.05116,3.77025,Andar
-4.8685,-9.47895,-0.2356,2.73838,4.85942,3.49522,Andar
-5.22485,-7.64015,0.37155,3.09177,4.0863,3.00143,Andar
-5.52355,-8.77605,0.2067,3.19442,6.36689,1.73111,Andar
-5.07345,-8.67465,-0.46345,2.80779,6.04638,2.9045,Andar
-4.8168,-7.0484,0.7738,3.03484,4.5886,3.20197,Andar
-5.5332,-8.60365,-0.8752,3.33579,4.59728,3.56417,Andar
-5.311,-6.94105,0.9192,2.76356,4.76472,2.74248,Andar
-5.52555,-8.26655,-0.1535,2.66901,5.0883,2.61227,Andar
-5.5007,-7.8279,0.0364,2.62116,4.65762,2.27882,Andar
-5.7688,-8.3393,-0.0173,2.7846,4.19493,2.68593,Andar
-6.27635,-8.3105,0.44805,2.52905,4.29474,3.09374,Andar
-5.0754,-7.47345,0.1397,2.41795,4.64704,3.29275,Andar
-5.9143,-7.3453,-0.201,2.22239,4.7139,2.11169,Andar
-5.8185,-7.57135,0.0039,2.36605,4.8177,2.38866,Andar
-5.89515,-6.42595,1.21415,2.80963,4.68301,3.22512,Andar
-6.05415,-7.6899,0.08245,2.61834,4.49281,2.8698,Andar
-6.08875,-7.1499,0.31985,2.60666,4.36627,2.80897,Andar
-6.05605,-7.5903,0.5324,2.81029,3.84653,3.58416,Andar
-5.6615,-7.5885,0.45965,2.40496,4.68111,3.04612,Andar
-6.19585,-7.63825,-0.47695,3.13731,4.37285,2.524,Andar
-5.99675,-6.77245,-0.0249,3.10577,3.9935,2.93583,Andar
-6.60015,-7.3681,-0.03255,2.91588,4.89868,2.89236,Andar
-6.64995,-8.62675,1.467,2.70712,5.7051,2.67454,Andar
-6.20935,-7.29925,-0.4442,2.47216,4.14852,2.39351,Andar
-6.6212,-7.7053,-0.7872,2.44138,4.46798,2.28722,Andar
-7.04065,-8.7625,-0.1801,2.70295,4.65119,3.39779,Andar
-4.9871,-8.8507,-1.02845,1.65356,3.96914,2.47593,Andar
-6.5139,-8.10185,-0.1073,3.27389,5.16892,2.74628,Andar
-6.4948,-8.4696,-0.45975,2.69467,4.57143,3.62511,Andar
-5.8398,-8.0558,-0.13595,2.5215,4.34959,2.94463,Andar
-6.6844,-8.0922,-0.38495,3.25014,4.98828,3.0633,Andar
-5.493,-6.23245,-0.11875,2.88982,4.1473,2.93886,Andar
-6.4219,-9.1074,-1.3482,2.63725,3.6487,2.27903,Andar
-6.18065,-10.1283,-2.84605,1.84751,3.4927,3.02846,Andar
-7.07895,-7.2513,2.60455,2.76593,4.31934,1.72685,Andar
-5.2936,-6.0063,-0.387,1.73938,4.11814,1.6947,Andar
-6.0119,-7.2973,-0.18195,2.58552,4.26953,3.39219,Andar
-7.97145,-7.4505,-0.4002,2.47895,2.35944,2.46252,Andar
-5.6749,-6.49655,1.17,2.43882,4.63894,3.00077,Andar
-6.3242,-7.48695,0.6875,2.95071,4.14308,2.73939,Andar
-6.1787,-8.43705,-0.8906,2.94938,4.83638,3.11646,Andar
-6.7725,-8.21285,0.53435,2.79765,4.75227,3.00262,Andar
-6.30905,-6.40455,-0.4253,2.80173,3.63037,2.15926,Andar
-7.88905,-5.9948,3.60625,3.5363,3.46901,1.85435,Andar
-4.29385,-3.35725,1.189,1.25274,4.05424,1.0574,Andar
-7.87195,-10.5822,-3.66765,2.57702,2.9283,2.31268,Andar
-9.05955,-9.28545,-1.7103,1.87641,3.31672,2.5021,Andar
-6.54645,-6.33775,1.5302,3.05032,4.66325,2.66629,Andar
-7.2226,-8.87945,-0.1282,2.4508,4.40686,3.10334,Andar
-6.8414,-7.32995,-0.7602,1.90729,3.24227,1.46968,Andar
-7.2206,-6.671,1.7294,3.14084,4.12414,2.6808,Andar
-6.5023,-6.9563,-0.7163,2.37867,4.40889,2.58031,Andar
-6.81845,-7.5348,-0.63005,3.0568,3.71894,1.88508,Andar
-5.9086,-4.73635,1.7925,2.5318,2.7443,1.56022,Andar
-6.3397,-5.52185,1.5512,3.28181,3.0417,1.55646,Andar
-7.38535,-7.49255,1.0361,3.08672,3.38504,2.19846,Andar
-6.71115,-5.3493,-0.02095,1.67966,0.69722,0.56654,Andar
-6.05605,-5.74765,-0.32555,2.64236,1.09879,0.69983,Andar
-5.51225,-5.4163,0.13395,2.57942,1.04078,0.49536,Andar
-8.03285,-8.4215,-1.5321,2.30464,2.53901,2.33211,Andar
-6.22465,-4.6676,1.6431,3.31481,5.02906,2.61868,Andar
1.00224,10.26364,1.27192,3.0907,4.19435,3.67942,SubirEscaleras
1.00224,10.26364,1.27192,3.0907,4.19435,3.67942,SubirEscaleras
3.45586,8.35576,0.66538,2.77035,3.24932,4.17668,SubirEscaleras
1.00224,10.26364,1.27192,3.0907,4.19435,3.67942,SubirEscaleras
3.45586,8.35576,0.66538,2.77035,3.24932,4.17668,SubirEscaleras
3.76575,9.40801,0.42953,2.84218,5.05563,2.78601,SubirEscaleras
1.00224,10.26364,1.27192,3.0907,4.19435,3.67942,SubirEscaleras
3.45586,8.35576,0.66538,2.77035,3.24932,4.17668,SubirEscaleras
3.76575,9.40801,0.42953,2.84218,5.05563,2.78601,SubirEscaleras
4.55568,8.86521,0.98851,2.01027,3.79359,2.1414,SubirEscaleras
1.00224,10.26364,1.27192,3.0907,4.19435,3.67942,SubirEscaleras
3.45586,8.35576,0.66538,2.77035,3.24932,4.17668,SubirEscaleras
3.76575,9.40801,0.42953,2.84218,5.05563,2.78601,SubirEscaleras
4.55568,8.86521,0.98851,2.01027,3.79359,2.1414,SubirEscaleras
4.70964,8.83138,0.04854,2.82178,3.98672,2.22358,SubirEscaleras
2.26092,8.45481,1.19592,2.56583,3.64052,1.95729,BajarEscaleras
2.26092,8.45481,1.19592,2.56583,3.64052,1.95729,BajarEscaleras
2.05008,8.80049,0.70951,3.47726,3.14472,3.00953,BajarEscaleras
2.26092,8.45481,1.19592,2.56583,3.64052,1.95729,BajarEscaleras
2.05008,8.80049,0.70951,3.47726,3.14472,3.00953,BajarEscaleras
1.01891,9.05448,2.0187,2.14572,4.27468,4.07551,BajarEscaleras
4.2614,10.7126,0.51525,2.88524,2.76377,2.80691,SubirEscaleras
4.2614,10.7126,0.51525,2.88524,2.76377,2.80691,SubirEscaleras
3.42255,9.0844,0.8503,1.8261,2.34668,2.20576,SubirEscaleras
4.2614,10.7126,0.51525,2.88524,2.76377,2.80691,SubirEscaleras
3.42255,9.0844,0.8503,1.8261,2.34668,2.20576,SubirEscaleras
3.96435,9.2875,0.54395,2.2512,2.45769,1.99542,SubirEscaleras
4.2614,10.7126,0.51525,2.88524,2.76377,2.80691,SubirEscaleras
3.42255,9.0844,0.8503,1.8261,2.34668,2.20576,SubirEscaleras
3.96435,9.2875,0.54395,2.2512,2.45769,1.99542,SubirEscaleras
3.36115,9.29515,0.6933,2.85696,3.35575,3.19813,SubirEscaleras
4.2614,10.7126,0.51525,2.88524,2.76377,2.80691,SubirEscaleras
3.42255,9.0844,0.8503,1.8261,2.34668,2.20576,SubirEscaleras
3.96435,9.2875,0.54395,2.2512,2.45769,1.99542,SubirEscaleras
3.36115,9.29515,0.6933,2.85696,3.35575,3.19813,SubirEscaleras
4.79965,9.21085,0.44235,3.49278,2.69204,2.39133,SubirEscaleras
2.75605,9.3583,0.5669,3.61705,2.75672,2.33329,BajarEscaleras
2.75605,9.3583,0.5669,3.61705,2.75672,2.33329,BajarEscaleras
2.2598,8.57495,0.72,1.3663,2.09735,1.59572,BajarEscaleras
2.75605,9.3583,0.5669,3.61705,2.75672,2.33329,BajarEscaleras
2.2598,8.57495,0.72,1.3663,2.09735,1.59572,BajarEscaleras
2.96855,8.98855,0.36195,2.85797,2.66608,1.90293,BajarEscaleras
2.75605,9.3583,0.5669,3.61705,2.75672,2.33329,BajarEscaleras
2.2598,8.57495,0.72,1.3663,2.09735,1.59572,BajarEscaleras
2.96855,8.98855,0.36195,2.85797,2.66608,1.90293,BajarEscaleras
2.29605,8.9273,1.12025,2.25268,3.24283,1.8814,BajarEscaleras
0.6258,9.22308,1.82118,3.02112,4.67895,3.692,SubirEscaleras
0.68307,9.81759,1.36544,2.62937,4.61457,3.04212,SubirEscaleras
0.19426,9.72445,1.34952,1.53179,1.47008,1.27796,SubirEscaleras
0.89719,9.54005,2.37001,1.51032,3.20062,2.89515,SubirEscaleras
1.10998,9.66177,2.2471,1.53264,3.18869,2.75367,SubirEscaleras
1.1355,9.63762,2.24695,1.31952,3.35798,2.6677,SubirEscaleras
1.01383,9.69478,1.38096,2.13977,4.37426,2.42895,SubirEscaleras
1.05044,9.59657,2.1275,1.56861,3.61264,2.46886,SubirEscaleras
1.08154,9.41616,2.25203,1.1526,3.18513,2.63977,SubirEscaleras
1.19178,9.60692,2.29826,1.17346,3.32703,2.69246,SubirEscaleras
1.17182,9.50309,2.24883,1.17876,3.32758,2.57858,SubirEscaleras
1.12777,9.6872,2.08167,1.63956,3.74665,2.79603,SubirEscaleras
1.21844,9.51708,2.30003,1.19408,3.20498,2.53086,SubirEscaleras
1.58789,9.25136,2.49651,1.59067,4.46203,1.79424,BajarEscaleras
1.64924,9.22998,2.20226,1.82796,4.59852,1.74326,BajarEscaleras
1.83202,9.33371,2.71792,1.50488,4.23265,1.48923,BajarEscaleras
1.75041,9.21165,2.77632,1.75932,4.32532,1.67862,BajarEscaleras
1.77215,8.99147,2.77533,1.59412,4.09163,1.68232,BajarEscaleras
1.54457,9.37368,1.94497,2.14306,4.53034,2.179,BajarEscaleras
1.66215,9.22234,2.26292,1.94817,4.69915,1.80049,BajarEscaleras
1.82369,9.31627,2.44102,2.07689,4.38562,1.73957,BajarEscaleras
1.65456,9.15764,2.4453,2.0896,4.29531,1.83953,BajarEscaleras
1.68196,9.35954,2.24863,1.98007,4.07762,1.85047,BajarEscaleras
2.67889,9.09441,2.33837,2.04546,3.73388,3.39353,SubirEscaleras
2.4967,9.29178,2.18476,1.87301,3.3292,3.37805,SubirEscaleras
2.50291,9.2932,2.07349,1.74644,3.85246,3.05377,SubirEscaleras
2.18713,9.35466,1.88455,2.0652,3.98074,3.11823,SubirEscaleras
2.02801,9.58987,2.07561,1.46141,3.49989,2.88466,SubirEscaleras
2.05245,9.45297,2.13923,1.39134,3.50194,2.67408,SubirEscaleras
2.07541,9.15212,2.26268,1.2152,3.29369,2.55136,SubirEscaleras
2.22769,9.29168,2.20945,1.16567,3.11061,2.52136,SubirEscaleras
2.0834,9.36708,2.07492,1.39873,3.70543,2.82367,SubirEscaleras
2.03579,9.39719,2.14751,1.18411,3.26505,2.72682,SubirEscaleras
2.21113,8.8933,2.91617,2.72873,4.59318,2.39236,BajarEscaleras
1.93117,8.78853,2.01529,3.08884,5.2644,2.50968,BajarEscaleras
2.26455,8.8624,2.21941,2.9914,4.92597,2.15706,BajarEscaleras
2.20655,8.64395,2.5794,2.27843,4.6974,2.0199,BajarEscaleras
2.2783,8.8967,2.70141,2.02144,4.38101,1.85312,BajarEscaleras
2.22064,8.77384,2.65819,2.59157,4.62538,2.13809,BajarEscaleras
2.20743,9.15192,2.37375,2.74599,5.05908,2.43833,BajarEscaleras
2.23306,8.98742,2.31245,2.53214,4.65047,2.06866,BajarEscaleras
2.26681,8.92218,2.46472,2.77833,4.74417,2.22134,BajarEscaleras
2.19817,9.20736,2.18521,2.75787,5.00887,2.23263,BajarEscaleras
2.22759,9.00941,2.39834,2.72078,4.89528,2.32319,BajarEscaleras
1.01536,9.88111,1.24638,1.48001,1.73229,1.31997,Andar
1.12688,9.87564,1.37949,2.06272,3.38566,2.20205,Andar
1.21376,9.95898,1.26092,2.08989,4.07387,2.29872,Andar
1.40841,9.76097,1.28226,1.99642,3.87004,2.29378,Andar
1.4538,9.9572,1.14703,1.97758,4.11281,2.25927,Andar
1.56433,9.74525,1.41635,2.14481,4.3707,2.4195,Andar
1.40432,9.64418,1.43808,2.09365,4.38739,2.33511,Andar
1.37037,9.91063,1.553,2.1428,3.78426,2.10173,Andar
1.2895,9.94113,1.41157,2.11446,3.84448,2.19034,Andar
1.38215,9.80621,1.48135,2.17496,3.93269,2.16053,Andar
1.41945,10.06256,1.51274,2.34505,3.94871,2.10373,Andar
1.76416,9.64369,1.53003,2.28017,3.60857,2.09686,Andar
2.00194,9.04701,2.74852,2.60654,4.65768,2.30093,BajarEscaleras
1.92723,9.16119,2.5584,2.49133,4.47602,1.73906,BajarEscaleras
1.99765,8.88734,2.56845,2.40446,4.48313,1.81778,BajarEscaleras
2.01081,9.31814,2.65203,2.51322,4.59401,2.05809,BajarEscaleras
1.99144,9.31257,2.36646,2.43075,4.46894,1.97531,BajarEscaleras
1.91885,9.02108,2.3085,2.19992,4.60457,2.08129,BajarEscaleras
1.214,9.84632,1.3303,1.81606,3.32289,2.15715,Andar
1.43739,10.03373,1.22011,1.70936,3.37666,2.23077,Andar
1.48672,9.80256,1.30892,1.75472,2.91807,1.82655,Andar
1.49559,9.95395,1.27048,1.8502,2.9904,1.77974,Andar
1.18508,9.74599,1.27146,1.73264,3.75791,2.14888,Andar
1.41635,9.79758,1.41896,1.67662,3.23324,2.14219,Andar
1.39028,9.71819,1.37362,1.57154,3.19886,2.1781,Andar
1.38722,9.85288,1.29103,1.89705,3.53017,2.30148,Andar
1.28428,9.90689,1.43803,1.62247,3.28969,2.17676,Andar
1.29847,9.67221,1.47548,1.39721,2.92624,1.92593,Andar
1.53388,9.82006,1.29601,1.25566,3.12166,2.10703,Andar
1.39097,9.79487,1.13328,1.68911,3.58483,2.23262,Andar
1.45252,9.88983,1.19069,1.97508,3.30913,2.31558,Andar
1.45927,9.90162,1.3578,1.75135,3.49943,2.2261,Andar
1.30562,9.86061,1.18779,1.82593,3.53367,2.12277,Andar
1.39762,9.82996,1.23963,1.68812,3.59883,2.20448,Andar
1.34469,9.84238,1.23234,2.01928,3.29059,2.20601,Andar
1.43739,9.80823,1.36327,1.63914,3.13231,2.22833,Andar
1.17975,9.87032,1.25924,2.056,3.62068,2.27854,Andar
1.30571,9.87598,1.22706,1.69769,3.32727,1.99068,Andar
1.32478,9.78669,1.54852,1.392,2.98005,2.02756,Andar
1.30226,9.77156,1.3373,1.55474,3.16871,2.07361,Andar
1.35115,9.82415,1.23372,1.78673,3.54516,2.00425,Andar
1.41585,9.60653,1.36884,1.67092,3.00767,2.0234,Andar
1.26688,9.8379,1.5461,1.65654,3.13868,2.13807,Andar
1.31138,9.83937,1.3474,1.7138,3.31211,2.03355,Andar
1.15206,9.92098,1.11717,2.10934,3.40507,1.94158,Andar
1.32666,9.86431,1.39604,1.72876,3.18506,2.08145,Andar
0.25226,8.1788,5.3909,1.69376,2.25226,2.18508,Bici
0.84579,8.88748,4.53279,1.13518,1.64589,1.69524,Bici
1.00023,8.07782,5.97865,1.35996,2.37326,1.7792,Bici
1.11722,8.0349,5.79021,0.736,1.77208,1.36651,Bici
1.31463,8.04717,6.09845,0.92401,2.20708,1.26146,Bici
0.96283,8.08999,5.81357,0.73458,2.11128,1.40075,Bici
1.07799,8.07531,5.84866,1.18279,2.16059,1.74452,Bici
1.24328,8.12183,5.76532,0.78661,1.46722,1.35437,Bici
1.4126,7.8877,5.9657,0.68447,1.53296,1.44733,Bici
1.38294,8.04766,5.86241,1.0458,1.99609,1.63078,Bici
1.41709,7.98207,5.89158,0.7496,1.89295,1.34469,Bici
1.27245,8.31116,5.48458,0.88839,1.89558,1.70529,Bici
1.28073,8.15982,5.78444,0.60683,1.22169,1.36481,Bici
1.44641,7.8431,6.03907,0.74552,1.52276,1.4164,Bici
1.13634,8.14489,5.79238,0.71528,1.54156,1.53329,Bici
1.00787,8.33403,5.4183,0.95257,1.90436,1.85969,Bici
1.20508,8.25518,5.52864,1.42553,2.6122,2.20954,Bici
1.62086,7.99607,5.8904,1.29965,1.89133,1.61108,Bici
1.4128,7.79333,6.1089,0.73757,1.75731,1.46243,Bici
1.38717,7.85922,6.13896,0.84168,1.83839,1.50139,Bici
1.12643,7.96295,6.04464,0.8253,1.73924,1.39643,Bici
1.61553,7.56369,6.33111,1.03387,2.32569,1.51223,Bici
1.46503,7.78722,6.15261,0.95172,2.10983,1.43563,Bici
1.33878,7.56877,6.42474,0.92816,2.01438,1.30614,Bici
1.20095,7.81472,6.20362,0.87317,2.09892,1.24766,Bici
1.52033,7.52934,6.55124,0.92686,2.03161,1.16606,Bici
1.57089,7.57517,6.48668,0.93598,2.00208,1.27321,Bici
1.48834,7.5117,6.50684,0.84508,1.90884,1.23711,Bici
1.6244,7.59365,6.40571,0.78492,1.72274,1.20327,Bici
1.45651,7.8127,6.22042,0.74643,1.61789,1.14623,Bici
1.20282,7.96921,6.02183,0.77985,1.82236,1.26645,Bici
1.17419,8.15731,5.83831,0.78339,1.81116,1.33812,Bici
0.73742,8.08147,5.95126,0.80689,1.98633,1.54724,Bici
0.9816,8.24532,5.85083,1.18378,2.47294,1.97274,Bici
0.66917,7.97281,6.06554,1.12208,2.25594,1.71039,Bici
0.67084,7.90037,6.11649,0.74133,1.94008,1.29868,Bici
0.81065,7.98207,5.97974,0.67408,1.95161,1.17754,Bici
0.72712,7.98404,6.18307,0.74025,1.75695,1.24325,Bici
0.67065,8.01006,6.08973,0.79792,2.20128,1.20914,Bici
0.52438,8.13356,6.01788,0.64365,1.97508,0.9819,Bici
0.71347,8.1097,6.00034,0.77219,2.09135,1.18176,Bici
0.50605,8.03923,5.92613,0.70049,1.88291,1.2517,Bici
0.725,8.08477,6.01729,0.87892,2.06141,1.34016,Bici
0.68026,7.86972,6.17558,0.76003,1.80687,1.35129,Bici
0.77882,8.06664,6.05617,0.73868,1.87429,1.24257,Bici
0.71589,7.86898,6.19066,0.77484,2.06844,1.17731,Bici
0.95371,7.77973,6.24033,0.89558,2.36162,1.33753,Bici
1.00269,7.74228,6.39955,0.82334,2.08367,1.27386,Bici
0.55336,7.84655,6.13418,1.05755,2.63218,1.62914,Bici
0.38616,8.15775,5.89616,0.92082,2.65263,1.62599,Bici
0.61166,8.14115,5.90848,0.88152,2.44994,1.6333,Bici
0.55415,7.93077,6.24043,1.04245,2.71871,1.68421,Bici
0.85145,7.91692,6.15335,1.21748,3.04286,1.82803,Bici
0.97653,7.77416,6.28952,1.12271,2.45474,1.60956,Bici
0.81578,7.73646,6.36772,0.81467,2.23811,1.45486,Bici
0.87673,7.78411,6.35052,0.85801,2.3189,1.44872,Bici
0.77611,7.74701,6.36402,0.99257,2.20716,1.43886,Bici
0.87191,8.05841,6.08934,1.16068,2.31512,1.5933,Bici
0.49896,7.90229,6.07643,0.88798,2.40431,1.60636,Bici
0.53646,8.07112,6.05568,0.84109,2.45934,1.56083,Bici
0.45189,8.0763,6.04065,0.9871,2.42235,1.65856,Bici
0.78902,8.0826,5.97737,0.97751,2.52988,1.60466,Bici
0.83657,7.97867,6.05814,0.95244,2.42372,1.63378,Bici
0.58874,8.36956,5.88488,0.98367,2.83469,1.66272,Bici
0.34451,8.14967,5.80293,0.71552,2.2689,1.43314,Bici
2.02106,9.76994,0.97529,2.5219,4.93128,2.86756,Andar
1.97119,9.41261,0.89206,2.57237,5.08107,2.90669,Andar
2.00622,9.61008,0.84731,2.76228,5.24159,2.88733,Andar
2.2743,9.68246,0.9576,2.7624,4.90423,2.81609,Andar
1.99656,9.44745,1.28186,2.70666,5.17434,2.89245,Andar
2.03934,9.65437,0.89492,2.84173,5.11311,2.8586,Andar
1.88771,9.60455,0.89314,2.89159,5.21778,2.82676,Andar
1.79545,9.58188,0.85214,2.71062,5.2044,2.8882,Andar
2.24326,9.73071,1.21647,2.56726,5.03527,2.91302,Andar
2.24015,9.57119,1.14738,2.42544,4.80043,2.72618,Andar
2.13805,9.74293,1.14521,2.30725,4.63023,2.76358,Andar
2.24489,9.68941,1.26422,2.28641,4.82416,2.8232,Andar
2.17082,9.62288,1.16704,2.58981,5.00122,2.71563,Andar
2.25119,9.6629,1.03103,2.49205,4.98389,3.07402,Andar
2.27987,9.56405,0.98609,2.37802,5,2.82909,Andar
2.25065,9.7726,0.97805,2.59833,4.99052,2.7283,Andar
2.02475,9.54833,1.11702,2.55913,5.34406,2.919,Andar
2.16096,9.66399,1.122,2.2501,4.7926,2.68865,Andar
2.15052,9.57277,1.23426,2.05479,4.65927,2.5099,Andar
2.23473,9.55493,1.48938,2.44129,4.35142,2.69598,Andar
2.11567,9.64083,1.20001,2.6976,4.81491,2.8075,Andar
1.97542,9.47934,1.11471,2.62483,5.21799,2.74205,Andar
2.1142,9.84686,0.89985,2.50973,4.57211,2.7805,Andar
2.11814,9.31834,1.14314,2.38007,4.94036,2.70379,Andar
2.06137,9.60106,0.91093,2.45455,4.65165,2.64917,Andar
2.07236,9.76343,1.05611,2.47263,4.59938,2.72174,Andar
2.04708,9.60583,1.06134,2.36779,4.97514,2.79065,Andar
2.07216,9.73278,0.99944,2.33232,4.88548,2.67558,Andar
1.9805,9.48919,0.88028,2.34371,4.82375,2.68574,Andar
2.12065,9.76565,0.80242,2.4885,4.69529,2.79802,Andar
2.07029,9.74047,0.94035,2.34527,4.56959,2.61689,Andar
2.11976,9.72578,1.08997,2.24854,4.77625,2.69084,Andar
2.14071,9.7037,1.07208,2.32398,4.64469,2.65012,Andar
2.06452,9.55439,1.21021,2.23427,4.56437,2.56542,Andar
2.14214,9.56833,1.18247,2.27056,4.55438,2.56377,Andar
2.02589,9.48885,1.28645,2.16262,4.43408,2.67012,Andar
2.02387,9.82612,1.15906,2.27007,4.71633,2.63452,Andar
2.11843,9.58588,1.24584,2.09657,4.2305,2.56329,Andar
2.10577,9.6764,1.21154,2.17506,4.24723,2.63503,Andar
2.12755,9.63383,1.13851,2.26442,4.48566,2.62123,Andar
2.13696,9.62412,1.09007,2.29603,4.33041,2.61377,Andar
2.12592,9.62939,1.2448,2.16784,4.52545,2.56597,Andar
2.14401,9.74426,1.1906,2.1081,4.31661,2.41451,Andar
2.16688,9.60189,1.15901,2.17373,4.49548,2.56527,Andar
2.19294,9.65881,1.28989,1.96246,4.09645,2.42519,Andar
2.14199,9.61259,1.29078,1.95461,4.11991,2.4438,Andar
2.09754,9.68867,1.2311,2.31542,4.41885,2.49469,Andar
2.06536,9.48091,1.40087,2.11867,4.22406,2.44985,Andar
2.17663,9.86584,1.132,2.206,4.29467,2.57698,Andar
2.04974,9.66926,1.17527,2.29335,4.50078,2.54774,Andar
2.1243,9.62594,1.2145,2.36506,4.55163,2.53932,Andar
2.06664,9.82286,1.07898,2.40476,4.07012,2.57256,Andar
2.08379,9.54892,1.0538,2.33912,4.51608,2.62797,Andar
2.07354,9.75121,0.99747,2.43369,4.40201,2.58998,Andar
2.16081,9.71075,1.24505,2.18985,4.59443,2.54151,Andar
2.08059,9.69286,1.09544,2.30382,4.3142,2.61422,Andar
2.20211,9.59716,1.20188,2.15082,4.23775,2.41147,Andar
2.1689,9.80168,1.20415,2.26116,4.4787,2.54479,Andar
2.17304,9.58445,1.23465,2.21059,4.31326,2.60404,Andar
2.14909,9.59504,1.20622,2.33083,4.07948,2.43489,Andar
2.17299,9.69158,1.19996,2.24368,4.18025,2.5842,Andar
2.19551,9.74126,1.34657,2.21892,4.2227,2.46806,Andar
2.26962,9.54788,1.22386,2.12187,3.96994,2.33698,Andar
2.20699,9.62294,1.17995,2.10264,4.1567,2.53683,Andar
2.17323,9.62269,1.30803,2.12344,4.04668,2.59921,Andar
2.15475,9.68419,1.26594,2.16417,4.32481,2.74996,Andar
2.18131,9.66152,1.28906,2.2468,4.16794,2.50351,Andar
2.20073,9.56144,1.28019,2.12098,4.17633,2.47662,Andar
2.26617,9.6593,1.07962,2.30774,4.03507,2.50602,Andar
2.17225,9.59076,1.27994,2.20957,4.26626,2.52489,Andar
2.07167,9.71741,1.24678,2.35226,4.43358,2.47883,Andar
2.12553,9.74357,1.27871,2.23344,4.17733,2.55559,Andar
2.09478,9.73244,1.05513,2.29642,4.61865,2.57386,Andar
2.04846,9.54912,1.23899,2.06626,4.21296,2.59229,Andar
2.14066,9.6664,1.26777,2.11521,3.89285,2.52899,Andar
1.97498,9.60406,1.35726,2.10133,4.05754,2.66928,Andar
2.1341,9.69848,1.2693,2.1416,4.13814,2.56282,Andar
2.09384,9.53714,1.23194,2.12119,4.12111,2.51712,Andar
2.14534,9.72515,1.23278,2.22931,4.10229,2.57374,Andar
1.25712,8.87906,1.59301,4.53315,7.03466,2.97388,Correr
1.89475,9.33992,1.77022,4.45875,7.40539,3.2707,Correr
2.30929,8.71501,1.50638,4.55451,8.04954,3.62241,Correr
2.3635,8.74147,1.43621,5.52246,7.48194,3.1739,Correr
2.49966,8.75734,1.4639,5.44645,7.23213,2.80774,Correr
2.56924,8.77473,1.51017,5.34684,7.31719,2.9968,Correr
2.52662,9.04055,1.77106,5.10877,6.96043,2.97003,Correr
2.70875,8.65001,1.77323,4.83968,6.94814,2.84207,Correr
2.66958,8.36774,1.76451,5.5226,7.30351,3.2785,Correr
2.51839,8.39893,1.77693,5.88918,7.46449,3.13301,Correr
2.40327,8.302,1.56438,5.85079,7.48953,3.16892,Correr
2.44117,8.55701,1.69,5.55916,7.29659,3.13232,Correr
2.47684,8.30426,1.83892,5.70598,7.35135,3.14726,Correr
2.42786,8.76286,1.85528,5.89491,7.37571,3.19589,Correr
2.56555,8.50813,1.84212,5.63535,7.17682,3.07335,Correr
2.51789,8.93445,1.82325,5.50004,7.16804,3.03384,Correr
2.56703,8.48936,1.60706,5.56166,7.33777,2.9633,Correr
2.5622,8.20836,1.97976,5.91008,7.27534,3.40864,Correr
2.36646,8.2677,1.8132,6.09667,7.41087,3.31612,Correr
2.54298,8.05333,1.65451,6.18905,7.20659,3.10257,Correr
2.28249,8.5448,1.7612,5.80263,6.98342,3.05201,Correr
2.50888,8.67923,1.75859,5.83172,6.96403,3.0472,Correr
2.58477,8.60374,1.6592,5.78977,7.04404,3.23657,Correr
2.27943,8.5924,1.94324,5.68333,7.22752,2.89182,Correr
2.3534,8.418,1.77382,5.8439,7.14798,3.1557,Correr
2.11809,8.68169,1.85858,6.32866,7.48343,3.04655,Correr
2.44328,8.4384,1.68063,5.96518,7.45372,3.3739,Correr
2.38651,8.4835,1.66496,5.85758,7.34868,3.22066,Correr
2.50232,8.46728,1.81694,5.73832,7.12571,3.51544,Correr
2.40455,8.20486,1.88391,5.93927,7.21904,3.41478,Correr
2.39336,8.54726,1.81438,5.81998,7.41645,3.28884,Correr
2.45265,8.73502,1.87425,5.7204,7.40496,3.10284,Correr
2.31841,8.42515,1.89347,5.93299,7.59923,3.08563,Correr
2.5003,8.64261,1.29463,6.50516,7.84475,3.34779,Correr
2.3838,8.31273,1.72681,6.2445,7.7924,3.45617,Correr
2.55742,8.4969,1.64619,5.95796,7.55878,3.67144,Correr
2.1615,8.39913,1.69473,6.22622,7.48819,3.73635,Correr
2.27273,8.4181,1.56014,6.11758,7.69761,3.64501,Correr
2.22714,8.58161,1.8266,6.11286,7.42526,3.256,Correr
2.03939,8.42465,1.57271,5.92574,7.49355,3.29349,Correr
2.05334,8.27716,1.60785,5.84834,7.48502,3.25881,Correr
2.13411,8.47842,1.80122,6.16616,7.42154,3.31289,Correr
2.04875,8.57338,1.69655,6.32573,7.74967,3.59141,Correr
2.33433,8.01026,1.63057,6.39625,7.53764,3.98539,Correr
2.24212,8.30337,1.80432,5.81632,7.40013,3.18376,Correr
2.21394,8.53474,1.62322,6.48194,7.23389,3.68972,Correr
2.26489,8.26035,1.72612,5.95913,7.28016,3.30548,Correr
2.25341,8.27972,1.72154,6.03007,7.32517,3.43388,Correr
2.25297,8.2672,1.44739,6.69759,7.4615,3.66793,Correr
2.17772,8.29983,1.77121,6.17414,7.10921,3.43984,Correr
2.23257,8.70594,1.60819,6.3239,7.1996,3.23772,Correr
2.33398,8.60866,1.60395,6.17309,7.68651,3.48196,Correr
2.1003,8.42323,1.74046,6.50821,7.48366,3.58488,Correr
2.42929,8.11641,1.84937,6.37965,7.3397,3.75411,Correr
1.93265,7.88459,1.83148,6.59343,7.79887,3.87131,Correr
2.02968,7.64441,2.0112,6.83446,7.70143,4.66841,Correr
1.89288,7.15476,1.77348,6.9433,7.97274,4.27374,Correr
1.73839,7.54348,1.53255,7.37912,8.11566,4.8379,Correr
1.67063,7.52274,1.64885,7.60226,8.09118,4.69916,Correr
1.81556,7.36612,1.37185,7.36655,8.23326,4.49452,Correr
2.10409,7.54343,1.40585,7.27469,8.08294,4.4993,Correr
1.45286,7.66747,1.69364,7.4059,8.03917,5.10685,Correr
1.52328,7.43615,1.74317,7.37702,8.00461,4.99738,Correr
2.00775,7.43482,1.32508,7.55827,8.40305,5.06073,Correr
1.60849,7.58138,1.34893,7.2972,8.35749,4.43128,Correr
1.88657,7.36987,1.04458,7.76171,8.26197,4.40918,Correr
1.77096,7.19744,1.28778,7.38414,8.16734,4.6559,Correr
2.2819,7.47055,1.69985,6.98463,7.76247,4.45822,Correr
0.18229,9.89378,1.54349,2.30069,4.06278,2.48581,Andar
0.1816,9.8785,1.51096,2.69959,3.75653,2.67729,Andar
0.30159,9.88486,1.50939,2.59029,3.84741,2.62514,Andar
0.23363,9.99224,1.54452,2.49053,4.05137,2.70568,Andar
0.15287,9.84987,1.49155,2.71532,4.06158,2.64036,Andar
0.36176,9.9637,1.44424,2.68856,4.03061,2.62782,Andar
0.19584,9.96129,1.433,2.868,3.97755,2.66181,Andar
0.23309,9.86933,1.42748,2.76891,4.16568,2.66435,Andar
0.18524,10.03974,1.52378,2.70868,4.18159,2.69906,Andar
0.22338,9.86712,1.39934,2.54536,3.7006,2.64241,Andar
0.19505,10.00579,1.36731,2.61731,3.65015,2.56973,Andar
0.06875,9.73022,1.3887,2.54519,4.11302,2.69234,Andar
0.17509,9.94252,1.3957,2.39789,3.49445,2.70979,Andar
0.18943,10.01234,1.39861,2.66727,3.92104,2.82882,Andar
0.27429,10.06004,1.46706,2.3903,3.88793,2.76307,Andar
0.30829,9.84321,1.56,2.20541,3.77686,2.62125,Andar
0.17539,9.96144,1.46548,2.17741,3.46516,2.36835,Andar
0.50531,9.75717,1.45927,2.28708,3.57869,2.54254,Andar
0.52148,10.00628,1.36795,2.43276,3.77192,2.5699,Andar
0.51364,9.81035,1.41373,2.32879,3.92259,2.69932,Andar
0.51537,9.74737,1.25037,2.60579,3.72114,2.73254,Andar
0.43228,9.90649,1.41152,2.27497,3.78461,2.68422,Andar
0.49477,9.91605,1.39787,2.16179,3.58303,2.454,Andar
0.46894,9.84963,1.52363,2.10066,3.49293,2.54147,Andar
0.54558,9.60554,1.36017,2.24878,3.71294,2.45093,Andar
0.47732,9.90645,1.60154,2.30918,3.59482,2.51412,Andar
0.42844,9.88969,1.59843,2.23062,3.59682,2.47935,Andar
0.50453,9.79763,1.61992,2.10214,3.27022,2.3942,Andar
0.47087,9.73248,1.54354,2.55056,4.07332,2.63955,Andar
0.51128,9.8238,1.63904,2.36741,3.87733,2.60539,Andar
0.53099,9.67394,1.45621,2.43843,3.78583,2.52904,Andar
0.54661,9.84622,1.4506,2.3942,3.74683,2.59063,Andar
0.59949,9.80285,1.57064,2.45754,3.92145,2.514,Andar
0.4309,10.0566,1.41546,2.58888,4.187,2.62447,Andar
0.54424,9.84435,1.5085,2.58154,3.91562,2.66453,Andar
0.56992,9.88579,1.48593,2.55487,3.80176,2.53624,Andar
0.59224,9.95848,1.46972,2.41558,3.83538,2.5846,Andar
0.56396,9.78359,1.54723,2.49065,3.7675,2.64956,Andar
0.56075,10.04551,1.59094,2.38499,3.7695,2.65121,Andar
0.55982,9.85071,1.52052,2.37239,4.18361,2.66599,Andar
0.67365,9.76516,1.41778,2.37622,4.0247,2.536,Andar
0.42602,9.83011,1.53757,2.50144,4.09345,2.83321,Andar
0.62156,9.85218,1.5185,2.50576,4.13312,2.70402,Andar
0.56696,9.80783,1.53974,2.49569,4.06129,2.62393,Andar
0.61614,9.82498,1.57217,2.26402,4.08048,2.61172,Andar
0.60333,9.78447,1.34785,2.45548,3.872,2.49358,Andar
0.59303,9.86618,1.66427,2.40661,3.62691,2.69957,Andar
0.63157,9.84469,1.45183,2.33502,3.60862,2.4474,Andar
0.56184,9.96996,1.58572,2.41246,3.74744,2.52738,Andar
0.55169,9.81266,1.60514,2.42498,3.82959,2.53977,Andar
0.56913,9.93532,1.64436,2.38098,3.74145,2.55112,Andar
0.57751,9.85371,1.76032,2.22988,3.46995,2.43383,Andar
0.68213,9.96459,1.69872,2.02149,3.50637,2.23438,Andar
0.53468,9.83997,1.70384,2.105,4.09217,2.53313,Andar
0.49876,9.84533,1.50086,2.2937,3.86554,2.59896,Andar
0.58736,9.69597,1.51091,2.35204,4.18156,2.52272,Andar
0.61797,9.95493,1.51072,2.35362,3.81811,2.59342,Andar
0.50738,9.96371,1.55122,2.13741,3.45554,2.459,Andar
0.55888,9.68636,1.659,2.13672,3.8264,2.55776,Andar
0.62753,10.04719,1.61509,2.16648,4.1165,2.63613,Andar
0.64014,9.85558,1.74928,2.13839,3.96252,2.51024,Andar
0.70292,9.77014,1.53486,2.28973,3.96935,2.41846,Andar
0.64211,10.02875,1.61337,2.23937,3.67448,2.52012,Andar
0.74885,9.87426,1.62672,2.20603,3.91831,2.52599,Andar
0.65374,9.7626,1.68891,2.27359,3.57547,2.51258,Andar
0.79611,9.84031,1.64456,2.0104,3.1471,2.24436,Andar
1.25594,9.57454,1.79693,2.2778,3.10321,2.30487,Andar
0.11965,1.19641,10.39564,0.02886,0.03805,0.1243,Quieto
0.0822,0.21698,10.46601,0.15423,0.9199,0.16327,Quieto
1.7306,8.20196,4.91939,1.58458,1.77433,2.20122,Bici
1.40077,9.03873,2.21941,2.60846,3.36144,3.28679,Bici
1.43192,8.17569,4.36184,1.89375,3.30129,3.3058,Bici
2.71265,7.60272,5.95397,1.1379,2.10616,1.40604,Bici
2.57831,7.54886,5.98635,1.15042,1.99446,1.39646,Bici
2.8182,7.867,5.79248,1.21837,1.87024,1.74694,Bici
2.78336,7.62248,5.90326,0.99433,1.7303,1.34655,Bici
2.82811,7.76504,5.76685,1.00593,1.59195,1.40178,Bici
2.8391,7.6213,5.82821,1.32159,2.03846,1.72091,Bici
2.77262,7.63425,5.88769,0.99832,1.64055,1.3958,Bici
2.72581,7.86484,5.79465,1.1361,1.79955,1.11599,Bici
2.73832,7.78259,5.76961,1.15462,1.76942,1.30058,Bici
2.62705,8.08654,5.41416,0.99596,1.69954,1.37546,Bici
2.34975,8.1002,4.71606,2.02923,3.0174,2.65359,Bici
1.95842,7.64663,6.28937,1.17478,2.23667,1.14536,Bici
1.84621,7.52909,6.42449,1.38636,2.1922,1.03563,Bici
1.56793,7.73336,6.37531,1.21825,2.29348,1.05481,Bici
1.86302,7.54456,6.44548,1.21103,2.27725,1.21782,Bici
1.8198,7.78284,6.24378,1.23073,2.16911,1.26689,Bici
1.84735,7.69896,6.24427,1.18905,2.16138,1.13883,Bici
1.86982,7.70985,6.27769,1.21032,2.26936,1.09574,Bici
1.95961,7.73178,6.22476,1.22778,2.17964,1.14787,Bici
1.89288,7.97956,5.90715,1.09378,2.18974,1.27876,Bici
1.7033,8.08423,5.54751,1.23549,1.53804,2.07682,Bici
2.51681,7.70172,6.06539,1.20794,2.10634,1.60273,Bici
2.31683,7.68536,6.03124,1.48781,2.16918,2.014,Bici
2.81855,7.71084,5.8967,1.9564,3.02204,2.26731,Bici
1.919,7.68309,6.16991,1.31954,2.45245,1.13097,Bici
2.09197,7.71744,6.12778,1.37683,2.46689,1.20004,Bici
2.25819,7.78264,6.03173,1.38938,2.33483,1.18957,Bici
1.71774,7.78012,6.15508,0.99829,1.98079,1.14714,Bici
1.8469,8.1716,5.79317,0.96827,1.79845,1.03681,Bici
2.28382,7.99735,5.90587,1.17284,2.3746,1.07144,Bici
2.203,7.71074,5.87783,1.31137,2.45476,1.3202,Bici
2.1756,7.76494,6.23072,1.06762,1.77519,1.03795,Bici
2.17801,7.75893,6.09826,1.35076,2.32252,1.31217,Bici
2.35567,7.70059,6.07175,1.33386,2.21444,1.2102,Bici
2.48931,7.52313,6.26891,1.46583,2.27276,1.16988,Bici
2.11898,7.50371,6.46209,1.27726,1.95449,1.21022,Bici
2.23385,7.77653,6.06455,1.32227,2.06445,1.62798,Bici
2.35783,7.7851,6.07455,1.27268,2.05136,1.13692,Bici
2.06743,7.82467,6.0031,1.22447,2.09072,1.18349,Bici
2.19393,7.83512,5.99344,1.51668,2.4873,1.49931,Bici
2.27588,7.7539,6.02005,1.49725,2.67333,1.57674,Bici
2.49868,7.68565,5.86521,1.61405,2.71182,1.64255,Bici
2.51972,7.6417,5.83264,1.61033,2.71127,1.52928,Bici
2.70708,8.03515,5.60837,1.52529,2.48496,1.61476,Bici
2.6922,7.82812,5.80667,1.54845,2.52538,1.40531,Bici
2.75853,7.64825,5.85511,1.5044,2.32542,1.3684,Bici
2.7432,7.70207,5.89912,1.61023,2.47983,1.68636,Bici
2.68288,7.70271,5.94766,1.46845,2.17177,1.4414,Bici
2.75256,7.64214,5.91139,1.48628,2.23696,1.49223,Bici
2.73172,7.71123,5.93174,1.44845,2.15377,1.6618,Bici
2.92879,7.76544,5.73595,1.45927,2.38656,1.53723,Bici
1.99913,7.66471,6.21224,1.09659,1.93913,1.25508,Bici
2.50079,7.42999,6.43873,1.15231,1.92514,1.15442,Bici
2.42623,7.44438,6.36644,1.05369,2.02719,1.13476,Bici
2.4391,7.211,6.49856,1.21493,1.97287,1.21194,Bici
2.49296,7.62632,6.34934,0.99976,1.93318,1.40771,Bici
2.25563,7.55866,6.22067,1.18771,2.1091,1.34237,Bici
2.42323,7.41176,6.35486,1.21115,2.03018,1.20773,Bici
2.32073,7.49963,6.36319,1.18341,1.9636,1.23246,Bici
2.37681,7.56251,6.37225,1.22676,1.9009,1.28142,Bici
2.22015,7.36874,6.42336,1.24566,2.17804,1.27489,Bici
2.22365,7.86548,6.07214,1.17738,2.2221,1.07223,Bici
2.15805,7.6963,6.18381,1.189,2.0028,1.07355,Bici
2.3496,7.59671,6.294,1.35236,2.32807,1.29706,Bici
2.31171,7.56467,6.33209,1.3379,2.11817,1.1157,Bici
2.01963,7.52116,6.41818,1.32289,2.26918,1.14911,Bici
1.9565,7.46469,6.37196,1.327,2.41613,1.33473,Bici
1.72636,7.74888,6.16627,1.21775,2.37314,1.1422,Bici
2.00435,7.7747,6.09294,1.38753,2.48638,1.25345,Bici
1.96596,7.77978,6.16691,1.14805,1.92277,1.28852,Bici
2.06285,7.8568,6.09299,1.32595,2.61229,1.47645,Bici
2.02539,7.8908,5.9963,1.30345,2.43826,1.22298,Bici
1.94689,7.91535,6.07327,1.18109,2.18338,1.22267,Bici
1.63909,8.07018,5.61044,1.01683,1.74414,1.79252,Bici
2.43195,7.16344,6.47406,1.40295,2.30168,1.43983,Bici
2.38888,7.46917,6.38965,1.47296,2.43182,1.2363,Bici
2.34113,7.24495,6.58036,1.5689,2.2923,1.21177,Bici
2.5279,7.11835,6.66044,1.47239,2.10145,1.23756,Bici
2.70856,7.06542,6.65886,1.57296,2.18868,1.29442,Bici
2.57875,7.03758,6.70415,1.47922,2.14682,1.12939,Bici
2.42431,7.39165,6.35417,1.54398,2.20721,1.22928,Bici
2.47152,7.3371,6.44745,1.48506,2.48508,1.13982,Bici
2.5345,7.48991,6.18898,1.418,2.13584,1.17795,Bici
2.68904,7.2824,6.44164,1.67955,2.19588,1.8412,Bici
2.72571,7.39658,6.40374,1.74013,2.44281,1.69502,Bici
2.69786,7.37396,6.34451,1.48233,2.43459,0.97719,Bici
2.64311,7.47735,6.22609,1.6559,2.67617,0.97344,Bici
2.80455,7.23539,6.38872,1.75969,2.58629,1.08534,Bici
2.70397,7.17866,6.40862,1.70687,2.47453,1.07389,Bici
2.86537,7.31847,6.403,1.75814,2.60325,1.1584,Bici
2.73492,7.30029,6.41734,1.80742,2.4911,1.14105,Bici
2.84822,7.32557,6.36708,1.76228,2.51095,1.24521,Bici
2.60128,7.52737,6.09934,1.55388,2.45156,1.10155,Bici
2.46285,7.85271,6.00127,1.37243,2.22597,1.05201,Bici
2.54451,7.49188,6.09171,1.85541,2.94397,2.07207,Bici
2.74724,7.55275,6.0405,1.65466,2.7242,1.07481,Bici
2.62439,7.44201,6.29843,1.49858,2.40853,1.11204,Bici
2.51814,7.38061,6.30735,1.35214,2.12424,1.17211,Bici
2.57225,7.36174,6.32943,1.41673,1.95961,1.13154,Bici
2.54638,7.4875,6.20968,1.39185,1.9261,1.09376,Bici
2.77198,7.40234,6.2562,1.3408,1.93863,1.23156,Bici
2.75784,7.42063,6.25157,1.28817,1.67871,1.23691,Bici
2.57866,7.40727,6.28779,1.28623,1.61774,1.30038,Bici
2.89345,7.25889,6.39729,1.32468,2.15725,1.6358,Bici
2.98467,7.29344,6.28207,1.33784,1.70684,1.39314,Bici
2.98585,7.43448,6.16937,1.2702,1.66537,1.34971,Bici
2.68599,7.6313,5.71728,1.21356,1.66424,2.09197,Bici
-0.03474,-0.11852,10.42748,0.02045,0.02228,0.19132,Quieto
-0.03543,-0.11807,10.44168,0.02342,0.02582,0.0353,Quieto
-0.0342,-0.11812,10.44719,0.02198,0.02199,0.03127,Quieto
-0.03499,-0.11561,10.45123,0.02292,0.02615,0.03025,Quieto
-0.03548,-0.11817,10.45237,0.0221,0.02928,0.03252,Quieto
-0.0375,-0.11881,10.45035,0.02096,0.02969,0.0312,Quieto
-0.03637,-0.11714,10.4501,0.02232,0.02551,0.03259,Quieto
-0.03464,-0.11763,10.45084,0.02717,0.03595,0.03012,Quieto
-0.03588,-0.11926,10.45429,0.02188,0.0286,0.03229,Quieto
-0.03701,-0.11571,10.45188,0.02089,0.02784,0.03392,Quieto
-0.03652,-0.11615,10.4532,0.01988,0.02376,0.03138,Quieto
-0.03523,-0.11615,10.45429,0.02008,0.02535,0.03241,Quieto
-0.03632,-0.11571,10.41733,0.02185,0.02865,0.28327,Quieto
-0.03657,-0.11487,10.45744,0.02068,0.02628,0.02915,Quieto
-0.0342,-0.11733,10.45518,0.02213,0.03075,0.03225,Quieto
-0.03666,-0.11364,10.45848,0.02044,0.02624,0.03442,Quieto
-0.03233,-0.11492,10.45725,0.02129,0.02868,0.03186,Quieto
-0.03371,-0.11635,10.46173,0.02173,0.03199,0.0317,Quieto
-0.03425,-0.11581,10.46296,0.02113,0.03056,0.03036,Quieto
-0.03469,-0.11364,10.46607,0.02007,0.02406,0.03192,Quieto
-0.03381,-0.11527,10.4639,0.01822,0.0258,0.03204,Quieto
-0.034,-0.11527,10.46626,0.02158,0.02934,0.03397,Quieto
-0.03085,-0.1128,10.46646,0.01975,0.02696,0.03308,Quieto
-0.03533,-0.11561,10.46715,0.022,0.02957,0.03331,Quieto
-0.03588,-0.11334,10.46695,0.02234,0.02701,0.02992,Quieto
